V_1,V_2,V_3,V_4
240,3000,1860.81385045328,3.3
240,3050,1858.54179446982,3.3
240,3100,1858.54179446982,3.3
240,3150,1858.54179446982,3.3
240,3200,1858.54179446982,3.3
240,3250,1856.26973848636,3.3
240,3300,1856.26973848636,3.3
240,3350,1856.26973848636,3.3
240,3400,1853.9976825029,3.3
240,3450,1853.9976825029,3.3
240,3500,1853.9976825029,3.3
240,3550,1853.9976825029,3.3
240,3600,1851.72562651944,3.3
240,3650,1851.72562651944,3.3
240,3700,1851.72562651944,3.3
240,3750,1851.72562651944,3.3
240,3800,1849.45357053598,3.3
240,3850,1849.45357053598,3.3
240,3900,1849.45357053598,3.3
240,3950,1849.45357053598,3.3
240,4000,1847.18151455252,3.3
240,4050,1847.18151455252,3.3
240,4100,1847.18151455252,3.3
240,4150,1847.18151455252,3.3
240,4200,1844.90945856906,3.3
240,4250,1844.90945856906,3.3
240,4300,1844.90945856906,3.3
240,4350,1844.90945856906,3.3
240,4400,1842.6374025856,3.3
240,4450,1842.6374025856,3.3
240,4500,1842.6374025856,3.3
240,4550,1842.6374025856,3.3
240,4600,1842.6374025856,3.3
240,4650,1840.36534660214,3.3
240,4700,1840.36534660214,3.3
240,4750,1840.36534660214,3.3
240,4800,1840.36534660214,3.3
240,4850,1838.09329061868,3.3
240,4900,1838.09329061868,3.3
240,4950,1838.09329061868,3.3
240,5000,1838.09329061868,3.3
240,5050,1835.82123463522,3.3
240,5100,1835.82123463522,3.3
240,5150,1835.82123463522,3.3
240,5200,1835.82123463522,3.3
240,5250,1833.54917865176,3.3
240,5300,1833.54917865176,3.3
240,5350,1833.54917865176,3.3
240,5400,1833.54917865176,3.3
240,5450,1833.54917865176,3.3
240,5500,1831.2771226683,3.3
240,5550,1831.2771226683,3.3
240,5600,1831.2771226683,3.3
240,5650,1831.2771226683,3.3
240,5700,1829.00506668484,3.3
240,5750,1829.00506668484,3.3
240,5800,1829.00506668484,3.3
240,5850,1829.00506668484,3.3
240,5900,1829.00506668484,3.3
240,5950,1826.73301070138,3.3
240,6000,1826.73301070138,3.3
240,6050,1826.73301070138,3.3
240,6100,1826.73301070138,3.3
240,6150,1824.46095471792,3.3
240,6200,1824.46095471792,3.3
240,6250,1824.46095471792,3.3
240,6300,1824.46095471792,3.3
240,6350,1824.46095471792,3.3
240,6400,1822.18889873446,3.3
240,6450,1822.18889873446,3.3
240,6500,1822.18889873446,3.3
240,6550,1822.18889873446,3.3
240,6600,1819.91684275101,3.3
240,6650,1819.91684275101,3.3
240,6700,1819.91684275101,3.3
240,6750,1819.91684275101,3.2
240,6800,1819.91684275101,3.2
240,6850,1817.64478676755,3.2
240,6900,1817.64478676755,3.2
240,6950,1817.64478676755,3.2
240,7000,1817.64478676755,3.2
242,3000,1872.17413037057,3.2
242,3050,1872.17413037057,3.2
242,3100,1869.90207438711,3.2
242,3150,1869.90207438711,3.2
242,3200,1869.90207438711,3.2
242,3250,1869.90207438711,3.2
242,3300,1867.63001840365,3.2
242,3350,1867.63001840365,3.2
242,3400,1867.63001840365,3.2
242,3450,1865.35796242019,3.2
242,3500,1865.35796242019,3.2
242,3550,1865.35796242019,3.2
242,3600,1865.35796242019,3.2
242,3650,1863.08590643673,3.2
242,3700,1863.08590643673,3.2
242,3750,1863.08590643673,3.2
242,3800,1863.08590643673,3.2
242,3850,1860.81385045328,3.2
242,3900,1860.81385045328,3.2
242,3950,1860.81385045328,3.2
242,4000,1858.54179446982,3.2
242,4050,1858.54179446982,3.2
242,4100,1858.54179446982,3.2
242,4150,1858.54179446982,3.2
242,4200,1856.26973848636,3.2
242,4250,1856.26973848636,3.2
242,4300,1856.26973848636,3.2
242,4350,1856.26973848636,3.2
242,4400,1853.9976825029,3.2
242,4450,1853.9976825029,3.2
242,4500,1853.9976825029,3.2
242,4550,1853.9976825029,3.2
242,4600,1851.72562651944,3.2
242,4650,1851.72562651944,3.2
242,4700,1851.72562651944,3.2
242,4750,1851.72562651944,3.2
242,4800,1849.45357053598,3.2
242,4850,1849.45357053598,3.2
242,4900,1849.45357053598,3.2
242,4950,1849.45357053598,3.2
242,5000,1847.18151455252,3.2
242,5050,1847.18151455252,3.2
242,5100,1847.18151455252,3.2
242,5150,1847.18151455252,3.2
242,5200,1844.90945856906,3.2
242,5250,1844.90945856906,3.2
242,5300,1844.90945856906,3.2
242,5350,1844.90945856906,3.2
242,5400,1842.6374025856,3.2
242,5450,1842.6374025856,3.2
242,5500,1842.6374025856,3.2
242,5550,1842.6374025856,3.2
242,5600,1840.36534660214,3.2
242,5650,1840.36534660214,3.2
242,5700,1840.36534660214,3.2
242,5750,1840.36534660214,3.2
242,5800,1838.09329061868,3.2
242,5850,1838.09329061868,3.2
242,5900,1838.09329061868,3.2
242,5950,1838.09329061868,3.2
242,6000,1835.82123463522,3.2
242,6050,1835.82123463522,3.2
242,6100,1835.82123463522,3.2
242,6150,1835.82123463522,3.2
242,6200,1833.54917865176,3.2
242,6250,1833.54917865176,3.2
242,6300,1833.54917865176,3.2
242,6350,1833.54917865176,3.2
242,6400,1833.54917865176,3.2
242,6450,1831.2771226683,3.2
242,6500,1831.2771226683,3.2
242,6550,1831.2771226683,3.2
242,6600,1831.2771226683,3.2
242,6650,1829.00506668484,3.2
242,6700,1829.00506668484,3.2
242,6750,1829.00506668484,3.2
242,6800,1829.00506668484,3.2
242,6850,1829.00506668484,3.2
242,6900,1826.73301070138,3.2
242,6950,1826.73301070138,3.2
242,7000,1826.73301070138,3.2
244,3000,1885.80646627133,3.1
244,3050,1883.53441028787,3.1
244,3100,1883.53441028787,3.1
244,3150,1883.53441028787,3.1
244,3200,1883.53441028787,3.1
244,3250,1881.26235430441,3.1
244,3300,1881.26235430441,3.1
244,3350,1881.26235430441,3.1
244,3400,1878.99029832095,3.1
244,3450,1878.99029832095,3.1
244,3500,1878.99029832095,3.1
244,3550,1876.71824233749,3.1
244,3600,1876.71824233749,3.1
244,3650,1876.71824233749,3.1
244,3700,1876.71824233749,3.1
244,3750,1874.44618635403,3.1
244,3800,1874.44618635403,3.1
244,3850,1874.44618635403,3.1
244,3900,1872.17413037057,3.1
244,3950,1872.17413037057,3.1
244,4000,1872.17413037057,3.1
244,4050,1872.17413037057,3.1
244,4100,1869.90207438711,3.1
244,4150,1869.90207438711,3.1
244,4200,1869.90207438711,3.1
244,4250,1867.63001840365,3.1
244,4300,1867.63001840365,3.1
244,4350,1867.63001840365,3.1
244,4400,1867.63001840365,3.1
244,4450,1865.35796242019,3.1
244,4500,1865.35796242019,3.1
244,4550,1865.35796242019,3.1
244,4600,1863.08590643673,3.1
244,4650,1863.08590643673,3.1
244,4700,1863.08590643673,3.1
244,4750,1863.08590643673,3.1
244,4800,1860.81385045328,3.1
244,4850,1860.81385045328,3.1
244,4900,1860.81385045328,3.1
244,4950,1860.81385045328,3.1
244,5000,1858.54179446982,3.1
244,5050,1858.54179446982,3.1
244,5100,1858.54179446982,3.1
244,5150,1856.26973848636,3.1
244,5200,1856.26973848636,3.1
244,5250,1856.26973848636,3.1
244,5300,1856.26973848636,3.1
244,5350,1853.9976825029,3.1
244,5400,1853.9976825029,3.1
244,5450,1853.9976825029,3.1
244,5500,1853.9976825029,3.1
244,5550,1851.72562651944,3.1
244,5600,1851.72562651944,3.1
244,5650,1851.72562651944,3.1
244,5700,1851.72562651944,3.1
244,5750,1849.45357053598,3.1
244,5800,1849.45357053598,3.1
244,5850,1849.45357053598,3.1
244,5900,1849.45357053598,3.1
244,5950,1847.18151455252,3.1
244,6000,1847.18151455252,3.1
244,6050,1847.18151455252,3.1
244,6100,1847.18151455252,3.1
244,6150,1844.90945856906,3.1
244,6200,1844.90945856906,3.1
244,6250,1844.90945856906,3.1
244,6300,1844.90945856906,3.1
244,6350,1842.6374025856,3.1
244,6400,1842.6374025856,3.1
244,6450,1842.6374025856,3.1
244,6500,1842.6374025856,3.1
244,6550,1840.36534660214,3.1
244,6600,1840.36534660214,3.1
244,6650,1840.36534660214,3.1
244,6700,1840.36534660214,3.1
244,6750,1838.09329061868,3.1
244,6800,1838.09329061868,3.1
244,6850,1838.09329061868,3.1
244,6900,1838.09329061868,3.1
244,6950,1835.82123463522,3.1
244,7000,1835.82123463522,3.1
246,3000,1899.43880217209,3.1
246,3050,1899.43880217209,3.1
246,3100,1897.16674618863,3.1
246,3150,1897.16674618863,3.1
246,3200,1897.16674618863,3.1
246,3250,1894.89469020517,3.1
246,3300,1894.89469020517,3.1
246,3350,1894.89469020517,3.1
246,3400,1892.62263422171,3.1
246,3450,1892.62263422171,3.1
246,3500,1892.62263422171,3.1
246,3550,1890.35057823825,3.1
246,3600,1890.35057823825,3.1
246,3650,1890.35057823825,3.1
246,3700,1888.07852225479,3.1
246,3750,1888.07852225479,3.1
246,3800,1888.07852225479,3.1
246,3850,1885.80646627133,3.1
246,3900,1885.80646627133,3.1
246,3950,1885.80646627133,3.1
246,4000,1885.80646627133,3.1
246,4050,1883.53441028787,3.1
246,4100,1883.53441028787,3.1
246,4150,1883.53441028787,3.1
246,4200,1881.26235430441,3.1
246,4250,1881.26235430441,3.1
246,4300,1881.26235430441,3.1
246,4350,1878.99029832095,3.1
246,4400,1878.99029832095,3.1
246,4450,1878.99029832095,3.1
246,4500,1876.71824233749,3.1
246,4550,1876.71824233749,3.1
246,4600,1876.71824233749,3.1
246,4650,1876.71824233749,3.1
246,4700,1874.44618635403,3.1
246,4750,1874.44618635403,3.1
246,4800,1874.44618635403,3.1
246,4850,1872.17413037057,3.1
246,4900,1872.17413037057,3.1
246,4950,1872.17413037057,3.1
246,5000,1872.17413037057,3.1
246,5050,1869.90207438711,3.1
246,5100,1869.90207438711,3.1
246,5150,1869.90207438711,3.1
246,5200,1867.63001840365,3.1
246,5250,1867.63001840365,3.1
246,5300,1867.63001840365,3.1
246,5350,1867.63001840365,3.1
246,5400,1865.35796242019,3.1
246,5450,1865.35796242019,3.1
246,5500,1865.35796242019,3.1
246,5550,1863.08590643673,3.1
246,5600,1863.08590643673,3.1
246,5650,1863.08590643673,3.1
246,5700,1863.08590643673,3.1
246,5750,1860.81385045328,3.1
246,5800,1860.81385045328,3.1
246,5850,1860.81385045328,3.1
246,5900,1858.54179446982,3.1
246,5950,1858.54179446982,3.1
246,6000,1858.54179446982,3.1
246,6050,1858.54179446982,3.1
246,6100,1856.26973848636,3.1
246,6150,1856.26973848636,3.1
246,6200,1856.26973848636,3.1
246,6250,1856.26973848636,3.1
246,6300,1853.9976825029,3.1
246,6350,1853.9976825029,3.1
246,6400,1853.9976825029,3.1
246,6450,1853.9976825029,3.1
246,6500,1851.72562651944,3.1
246,6550,1851.72562651944,3.1
246,6600,1851.72562651944,3.1
246,6650,1849.45357053598,3.1
246,6700,1849.45357053598,3.1
246,6750,1849.45357053598,3.1
246,6800,1849.45357053598,3.1
246,6850,1847.18151455252,3.1
246,6900,1847.18151455252,3.1
246,6950,1847.18151455252,3.1
246,7000,1847.18151455252,3.1
248,3000,1915.3431940563,3
248,3050,1913.07113807284,3
248,3100,1913.07113807284,3
248,3150,1910.79908208938,3
248,3200,1910.79908208938,3
248,3250,1910.79908208938,3
248,3300,1908.52702610592,3
248,3350,1908.52702610592,3
248,3400,1908.52702610592,3
248,3450,1906.25497012246,3
248,3500,1906.25497012246,3
248,3550,1906.25497012246,3
248,3600,1903.982914139,3
248,3650,1903.982914139,3
248,3700,1903.982914139,3
248,3750,1901.71085815555,3
248,3800,1901.71085815555,3
248,3850,1901.71085815555,3
248,3900,1899.43880217209,3
248,3950,1899.43880217209,3
248,4000,1899.43880217209,3
248,4050,1897.16674618863,3
248,4100,1897.16674618863,3
248,4150,1897.16674618863,3
248,4200,1894.89469020517,3
248,4250,1894.89469020517,3
248,4300,1894.89469020517,3
248,4350,1892.62263422171,3
248,4400,1892.62263422171,3
248,4450,1892.62263422171,3
248,4500,1890.35057823825,3
248,4550,1890.35057823825,3
248,4600,1890.35057823825,3
248,4650,1888.07852225479,3
248,4700,1888.07852225479,3
248,4750,1888.07852225479,3
248,4800,1885.80646627133,3
248,4850,1885.80646627133,3
248,4900,1885.80646627133,3
248,4950,1883.53441028787,3
248,5000,1883.53441028787,3
248,5050,1883.53441028787,3
248,5100,1883.53441028787,3
248,5150,1881.26235430441,3
248,5200,1881.26235430441,3
248,5250,1881.26235430441,3
248,5300,1878.99029832095,3
248,5350,1878.99029832095,3
248,5400,1878.99029832095,3
248,5450,1876.71824233749,3
248,5500,1876.71824233749,3
248,5550,1876.71824233749,3
248,5600,1876.71824233749,3
248,5650,1874.44618635403,3
248,5700,1874.44618635403,3
248,5750,1874.44618635403,3
248,5800,1872.17413037057,3
248,5850,1872.17413037057,3
248,5900,1872.17413037057,3
248,5950,1869.90207438711,3
248,6000,1869.90207438711,3
248,6050,1869.90207438711,3
248,6100,1869.90207438711,3
248,6150,1867.63001840365,3
248,6200,1867.63001840365,3
248,6250,1867.63001840365,3
248,6300,1865.35796242019,3
248,6350,1865.35796242019,3
248,6400,1865.35796242019,3
248,6450,1865.35796242019,3
248,6500,1863.08590643673,3
248,6550,1863.08590643673,3
248,6600,1863.08590643673,3
248,6650,1860.81385045328,3
248,6700,1860.81385045328,3
248,6750,1860.81385045328,3
248,6800,1860.81385045328,3
248,6850,1858.54179446982,3
248,6900,1858.54179446982,3
248,6950,1858.54179446982,3
248,7000,1858.54179446982,3
250,3000,1931.24758594052,3
250,3050,1928.97552995706,3
250,3100,1928.97552995706,3
250,3150,1928.97552995706,3
250,3200,1926.7034739736,3
250,3250,1926.7034739736,3
250,3300,1924.43141799014,3
250,3350,1924.43141799014,3
250,3400,1924.43141799014,3
250,3450,1922.15936200668,3
250,3500,1922.15936200668,3
250,3550,1919.88730602322,3
250,3600,1919.88730602322,3
250,3650,1919.88730602322,3
250,3700,1917.61525003976,3
250,3750,1917.61525003976,3
250,3800,1917.61525003976,3
250,3850,1915.3431940563,3
250,3900,1915.3431940563,3
250,3950,1915.3431940563,3
250,4000,1913.07113807284,3
250,4050,1913.07113807284,3
250,4100,1910.79908208938,3
250,4150,1910.79908208938,3
250,4200,1910.79908208938,3
250,4250,1908.52702610592,3
250,4300,1908.52702610592,3
250,4350,1908.52702610592,3
250,4400,1906.25497012246,3
250,4450,1906.25497012246,3
250,4500,1906.25497012246,3
250,4550,1903.982914139,2.9
250,4600,1903.982914139,2.9
250,4650,1903.982914139,2.9
250,4700,1901.71085815555,2.9
250,4750,1901.71085815555,2.9
250,4800,1901.71085815555,2.9
250,4850,1899.43880217209,2.9
250,4900,1899.43880217209,2.9
250,4950,1899.43880217209,2.9
250,5000,1897.16674618863,2.9
250,5050,1897.16674618863,2.9
250,5100,1897.16674618863,2.9
250,5150,1894.89469020517,2.9
250,5200,1894.89469020517,2.9
250,5250,1894.89469020517,2.9
250,5300,1892.62263422171,2.9
250,5350,1892.62263422171,2.9
250,5400,1892.62263422171,2.9
250,5450,1890.35057823825,2.9
250,5500,1890.35057823825,2.9
250,5550,1890.35057823825,2.9
250,5600,1888.07852225479,2.9
250,5650,1888.07852225479,2.9
250,5700,1888.07852225479,2.9
250,5750,1885.80646627133,2.9
250,5800,1885.80646627133,2.9
250,5850,1885.80646627133,2.9
250,5900,1883.53441028787,2.9
250,5950,1883.53441028787,2.9
250,6000,1883.53441028787,2.9
250,6050,1881.26235430441,2.9
250,6100,1881.26235430441,2.9
250,6150,1881.26235430441,2.9
250,6200,1878.99029832095,2.9
250,6250,1878.99029832095,2.9
250,6300,1878.99029832095,2.9
250,6350,1878.99029832095,2.9
250,6400,1876.71824233749,2.9
250,6450,1876.71824233749,2.9
250,6500,1876.71824233749,2.9
250,6550,1874.44618635403,2.9
250,6600,1874.44618635403,2.9
250,6650,1874.44618635403,2.9
250,6700,1872.17413037057,2.9
250,6750,1872.17413037057,2.9
250,6800,1872.17413037057,2.9
250,6850,1872.17413037057,2.9
250,6900,1869.90207438711,2.9
250,6950,1869.90207438711,2.9
250,7000,1869.90207438711,2.9
252,3000,1947.15197782473,2.9
252,3050,1947.15197782473,2.9
252,3100,1947.15197782473,2.9
252,3150,1944.87992184127,2.9
252,3200,1944.87992184127,2.9
252,3250,1942.60786585781,2.9
252,3300,1942.60786585781,2.9
252,3350,1940.33580987436,2.9
252,3400,1940.33580987436,2.9
252,3450,1940.33580987436,2.9
252,3500,1938.0637538909,2.9
252,3550,1938.0637538909,2.9
252,3600,1935.79169790744,2.9
252,3650,1935.79169790744,2.9
252,3700,1935.79169790744,2.9
252,3750,1933.51964192398,2.9
252,3800,1933.51964192398,2.9
252,3850,1931.24758594052,2.9
252,3900,1931.24758594052,2.9
252,3950,1931.24758594052,2.9
252,4000,1928.97552995706,2.9
252,4050,1928.97552995706,2.9
252,4100,1926.7034739736,2.9
252,4150,1926.7034739736,2.9
252,4200,1926.7034739736,2.9
252,4250,1924.43141799014,2.9
252,4300,1924.43141799014,2.9
252,4350,1922.15936200668,2.9
252,4400,1922.15936200668,2.9
252,4450,1922.15936200668,2.9
252,4500,1919.88730602322,2.9
252,4550,1919.88730602322,2.9
252,4600,1919.88730602322,2.9
252,4650,1917.61525003976,2.9
252,4700,1917.61525003976,2.9
252,4750,1915.3431940563,2.9
252,4800,1915.3431940563,2.9
252,4850,1915.3431940563,2.9
252,4900,1913.07113807284,2.9
252,4950,1913.07113807284,2.9
252,5000,1913.07113807284,2.9
252,5050,1910.79908208938,2.9
252,5100,1910.79908208938,2.9
252,5150,1910.79908208938,2.9
252,5200,1908.52702610592,2.9
252,5250,1908.52702610592,2.9
252,5300,1906.25497012246,2.9
252,5350,1906.25497012246,2.9
252,5400,1906.25497012246,2.9
252,5450,1903.982914139,2.9
252,5500,1903.982914139,2.9
252,5550,1903.982914139,2.9
252,5600,1901.71085815555,2.9
252,5650,1901.71085815555,2.9
252,5700,1901.71085815555,2.9
252,5750,1899.43880217209,2.9
252,5800,1899.43880217209,2.9
252,5850,1899.43880217209,2.9
252,5900,1897.16674618863,2.9
252,5950,1897.16674618863,2.9
252,6000,1897.16674618863,2.9
252,6050,1894.89469020517,2.9
252,6100,1894.89469020517,2.9
252,6150,1894.89469020517,2.9
252,6200,1892.62263422171,2.9
252,6250,1892.62263422171,2.9
252,6300,1892.62263422171,2.9
252,6350,1890.35057823825,2.9
252,6400,1890.35057823825,2.9
252,6450,1890.35057823825,2.9
252,6500,1888.07852225479,2.9
252,6550,1888.07852225479,2.9
252,6600,1888.07852225479,2.9
252,6650,1885.80646627133,2.9
252,6700,1885.80646627133,2.9
252,6750,1885.80646627133,2.9
252,6800,1883.53441028787,2.9
252,6850,1883.53441028787,2.9
252,6900,1883.53441028787,2.9
252,6950,1881.26235430441,2.9
252,7000,1881.26235430441,2.9
254,3000,1967.60048167587,2.8
254,3050,1965.32842569241,2.8
254,3100,1965.32842569241,2.8
254,3150,1963.05636970895,2.8
254,3200,1963.05636970895,2.8
254,3250,1960.78431372549,2.8
254,3300,1960.78431372549,2.8
254,3350,1958.51225774203,2.8
254,3400,1958.51225774203,2.8
254,3450,1958.51225774203,2.8
254,3500,1956.24020175857,2.8
254,3550,1956.24020175857,2.8
254,3600,1953.96814577511,2.8
254,3650,1953.96814577511,2.8
254,3700,1951.69608979165,2.8
254,3750,1951.69608979165,2.8
254,3800,1949.42403380819,2.8
254,3850,1949.42403380819,2.8
254,3900,1949.42403380819,2.8
254,3950,1947.15197782473,2.8
254,4000,1947.15197782473,2.8
254,4050,1944.87992184127,2.8
254,4100,1944.87992184127,2.8
254,4150,1942.60786585781,2.8
254,4200,1942.60786585781,2.8
254,4250,1942.60786585781,2.8
254,4300,1940.33580987436,2.8
254,4350,1940.33580987436,2.8
254,4400,1938.0637538909,2.8
254,4450,1938.0637538909,2.8
254,4500,1938.0637538909,2.8
254,4550,1935.79169790744,2.8
254,4600,1935.79169790744,2.8
254,4650,1933.51964192398,2.8
254,4700,1933.51964192398,2.8
254,4750,1933.51964192398,2.8
254,4800,1931.24758594052,2.8
254,4850,1931.24758594052,2.8
254,4900,1928.97552995706,2.8
254,4950,1928.97552995706,2.8
254,5000,1928.97552995706,2.8
254,5050,1926.7034739736,2.8
254,5100,1926.7034739736,2.8
254,5150,1924.43141799014,2.8
254,5200,1924.43141799014,2.8
254,5250,1924.43141799014,2.8
254,5300,1922.15936200668,2.8
254,5350,1922.15936200668,2.8
254,5400,1919.88730602322,2.8
254,5450,1919.88730602322,2.8
254,5500,1919.88730602322,2.8
254,5550,1917.61525003976,2.8
254,5600,1917.61525003976,2.8
254,5650,1917.61525003976,2.8
254,5700,1915.3431940563,2.8
254,5750,1915.3431940563,2.8
254,5800,1913.07113807284,2.8
254,5850,1913.07113807284,2.8
254,5900,1913.07113807284,2.8
254,5950,1910.79908208938,2.8
254,6000,1910.79908208938,2.8
254,6050,1910.79908208938,2.8
254,6100,1908.52702610592,2.8
254,6150,1908.52702610592,2.8
254,6200,1908.52702610592,2.8
254,6250,1906.25497012246,2.8
254,6300,1906.25497012246,2.8
254,6350,1903.982914139,2.8
254,6400,1903.982914139,2.8
254,6450,1903.982914139,2.8
254,6500,1901.71085815555,2.8
254,6550,1901.71085815555,2.8
254,6600,1901.71085815555,2.8
254,6650,1899.43880217209,2.8
254,6700,1899.43880217209,2.8
254,6750,1899.43880217209,2.8
254,6800,1897.16674618863,2.8
254,6850,1897.16674618863,2.8
254,6900,1897.16674618863,2.8
254,6950,1894.89469020517,2.8
254,7000,1894.89469020517,2.8
256,3000,1988.048985527,2.8
256,3050,1985.77692954354,2.8
256,3100,1985.77692954354,2.8
256,3150,1983.50487356008,2.8
256,3200,1983.50487356008,2.8
256,3250,1981.23281757663,2.8
256,3300,1981.23281757663,2.8
256,3350,1978.96076159317,2.8
256,3400,1978.96076159317,2.8
256,3450,1976.68870560971,2.8
256,3500,1976.68870560971,2.8
256,3550,1974.41664962625,2.8
256,3600,1974.41664962625,2.8
256,3650,1972.14459364279,2.8
256,3700,1972.14459364279,2.8
256,3750,1969.87253765933,2.8
256,3800,1969.87253765933,2.8
256,3850,1967.60048167587,2.8
256,3900,1967.60048167587,2.8
256,3950,1965.32842569241,2.8
256,4000,1965.32842569241,2.8
256,4050,1963.05636970895,2.8
256,4100,1963.05636970895,2.8
256,4150,1963.05636970895,2.8
256,4200,1960.78431372549,2.8
256,4250,1960.78431372549,2.8
256,4300,1958.51225774203,2.8
256,4350,1958.51225774203,2.8
256,4400,1956.24020175857,2.8
256,4450,1956.24020175857,2.8
256,4500,1953.96814577511,2.8
256,4550,1953.96814577511,2.8
256,4600,1951.69608979165,2.8
256,4650,1951.69608979165,2.8
256,4700,1951.69608979165,2.8
256,4750,1949.42403380819,2.8
256,4800,1949.42403380819,2.8
256,4850,1947.15197782473,2.8
256,4900,1947.15197782473,2.8
256,4950,1944.87992184127,2.8
256,5000,1944.87992184127,2.8
256,5050,1944.87992184127,2.8
256,5100,1942.60786585781,2.8
256,5150,1942.60786585781,2.8
256,5200,1940.33580987436,2.8
256,5250,1940.33580987436,2.8
256,5300,1938.0637538909,2.8
256,5350,1938.0637538909,2.8
256,5400,1938.0637538909,2.8
256,5450,1935.79169790744,2.8
256,5500,1935.79169790744,2.8
256,5550,1933.51964192398,2.8
256,5600,1933.51964192398,2.8
256,5650,1933.51964192398,2.8
256,5700,1931.24758594052,2.8
256,5750,1931.24758594052,2.8
256,5800,1928.97552995706,2.8
256,5850,1928.97552995706,2.8
256,5900,1928.97552995706,2.8
256,5950,1926.7034739736,2.8
256,6000,1926.7034739736,2.8
256,6050,1924.43141799014,2.8
256,6100,1924.43141799014,2.8
256,6150,1924.43141799014,2.8
256,6200,1922.15936200668,2.8
256,6250,1922.15936200668,2.8
256,6300,1919.88730602322,2.8
256,6350,1919.88730602322,2.8
256,6400,1919.88730602322,2.8
256,6450,1917.61525003976,2.8
256,6500,1917.61525003976,2.8
256,6550,1917.61525003976,2.8
256,6600,1915.3431940563,2.8
256,6650,1915.3431940563,2.8
256,6700,1913.07113807284,2.8
256,6750,1913.07113807284,2.8
256,6800,1913.07113807284,2.8
256,6850,1910.79908208938,2.8
256,6900,1910.79908208938,2.8
256,6950,1910.79908208938,2.8
256,7000,1908.52702610592,2.8
258,3000,2010.7695453616,2.7
258,3050,2008.49748937814,2.7
258,3100,2006.22543339468,2.7
258,3150,2006.22543339468,2.7
258,3200,2003.95337741122,2.7
258,3250,2003.95337741122,2.7
258,3300,2001.68132142776,2.7
258,3350,2001.68132142776,2.7
258,3400,1999.4092654443,2.7
258,3450,1999.4092654443,2.7
258,3500,1997.13720946084,2.7
258,3550,1994.86515347738,2.7
258,3600,1994.86515347738,2.7
258,3650,1992.59309749392,2.7
258,3700,1992.59309749392,2.7
258,3750,1990.32104151046,2.7
258,3800,1990.32104151046,2.7
258,3850,1988.048985527,2.7
258,3900,1988.048985527,2.7
258,3950,1985.77692954354,2.7
258,4000,1985.77692954354,2.7
258,4050,1983.50487356008,2.7
258,4100,1983.50487356008,2.7
258,4150,1981.23281757663,2.7
258,4200,1981.23281757663,2.7
258,4250,1978.96076159317,2.7
258,4300,1978.96076159317,2.7
258,4350,1976.68870560971,2.7
258,4400,1976.68870560971,2.7
258,4450,1974.41664962625,2.7
258,4500,1974.41664962625,2.7
258,4550,1972.14459364279,2.7
258,4600,1972.14459364279,2.7
258,4650,1969.87253765933,2.7
258,4700,1969.87253765933,2.7
258,4750,1967.60048167587,2.7
258,4800,1967.60048167587,2.7
258,4850,1965.32842569241,2.7
258,4900,1965.32842569241,2.7
258,4950,1963.05636970895,2.7
258,5000,1963.05636970895,2.7
258,5050,1960.78431372549,2.7
258,5100,1960.78431372549,2.7
258,5150,1960.78431372549,2.7
258,5200,1958.51225774203,2.7
258,5250,1958.51225774203,2.7
258,5300,1956.24020175857,2.7
258,5350,1956.24020175857,2.7
258,5400,1953.96814577511,2.7
258,5450,1953.96814577511,2.7
258,5500,1951.69608979165,2.7
258,5550,1951.69608979165,2.7
258,5600,1951.69608979165,2.7
258,5650,1949.42403380819,2.7
258,5700,1949.42403380819,2.7
258,5750,1947.15197782473,2.7
258,5800,1947.15197782473,2.7
258,5850,1944.87992184127,2.7
258,5900,1944.87992184127,2.7
258,5950,1942.60786585781,2.7
258,6000,1942.60786585781,2.7
258,6050,1942.60786585781,2.7
258,6100,1940.33580987436,2.7
258,6150,1940.33580987436,2.7
258,6200,1938.0637538909,2.7
258,6250,1938.0637538909,2.7
258,6300,1935.79169790744,2.7
258,6350,1935.79169790744,2.7
258,6400,1935.79169790744,2.7
258,6450,1933.51964192398,2.7
258,6500,1933.51964192398,2.7
258,6550,1931.24758594052,2.7
258,6600,1931.24758594052,2.7
258,6650,1931.24758594052,2.7
258,6700,1928.97552995706,2.7
258,6750,1928.97552995706,2.7
258,6800,1926.7034739736,2.7
258,6850,1926.7034739736,2.7
258,6900,1926.7034739736,2.7
258,6950,1924.43141799014,2.7
258,7000,1924.43141799014,2.7
260,3000,2033.49010519619,2.7
260,3050,2033.49010519619,2.7
260,3100,2031.21804921273,2.7
260,3150,2028.94599322927,2.7
260,3200,2028.94599322927,2.7
260,3250,2026.67393724581,2.7
260,3300,2026.67393724581,2.7
260,3350,2024.40188126235,2.7
260,3400,2022.12982527889,2.7
260,3450,2022.12982527889,2.7
260,3500,2019.85776929544,2.7
260,3550,2019.85776929544,2.7
260,3600,2017.58571331198,2.7
260,3650,2015.31365732852,2.7
260,3700,2015.31365732852,2.7
260,3750,2013.04160134506,2.7
260,3800,2013.04160134506,2.7
260,3850,2010.7695453616,2.7
260,3900,2010.7695453616,2.7
260,3950,2008.49748937814,2.7
260,4000,2006.22543339468,2.7
260,4050,2006.22543339468,2.7
260,4100,2003.95337741122,2.7
260,4150,2003.95337741122,2.7
260,4200,2001.68132142776,2.7
260,4250,2001.68132142776,2.7
260,4300,1999.4092654443,2.7
260,4350,1997.13720946084,2.7
260,4400,1997.13720946084,2.7
260,4450,1994.86515347738,2.7
260,4500,1994.86515347738,2.7
260,4550,1992.59309749392,2.7
260,4600,1992.59309749392,2.7
260,4650,1990.32104151046,2.7
260,4700,1990.32104151046,2.7
260,4750,1988.048985527,2.7
260,4800,1988.048985527,2.7
260,4850,1985.77692954354,2.7
260,4900,1985.77692954354,2.7
260,4950,1983.50487356008,2.7
260,5000,1983.50487356008,2.7
260,5050,1981.23281757663,2.7
260,5100,1981.23281757663,2.7
260,5150,1978.96076159317,2.7
260,5200,1978.96076159317,2.7
260,5250,1976.68870560971,2.7
260,5300,1976.68870560971,2.7
260,5350,1974.41664962625,2.7
260,5400,1974.41664962625,2.7
260,5450,1972.14459364279,2.7
260,5500,1972.14459364279,2.7
260,5550,1969.87253765933,2.7
260,5600,1969.87253765933,2.7
260,5650,1967.60048167587,2.7
260,5700,1967.60048167587,2.7
260,5750,1965.32842569241,2.7
260,5800,1965.32842569241,2.7
260,5850,1963.05636970895,2.7
260,5900,1963.05636970895,2.7
260,5950,1960.78431372549,2.7
260,6000,1960.78431372549,2.7
260,6050,1958.51225774203,2.7
260,6100,1958.51225774203,2.7
260,6150,1956.24020175857,2.7
260,6200,1956.24020175857,2.7
260,6250,1956.24020175857,2.7
260,6300,1953.96814577511,2.7
260,6350,1953.96814577511,2.7
260,6400,1951.69608979165,2.7
260,6450,1951.69608979165,2.7
260,6500,1949.42403380819,2.7
260,6550,1949.42403380819,2.7
260,6600,1947.15197782473,2.7
260,6650,1947.15197782473,2.7
260,6700,1947.15197782473,2.7
260,6750,1944.87992184127,2.7
260,6800,1944.87992184127,2.7
260,6850,1942.60786585781,2.7
260,6900,1942.60786585781,2.7
260,6950,1940.33580987436,2.7
260,7000,1940.33580987436,2.7
262,3000,2060.75477699771,2.6
262,3050,2058.48272101425,2.6
262,3100,2058.48272101425,2.6
262,3150,2056.21066503079,2.6
262,3200,2053.93860904733,2.6
262,3250,2053.93860904733,2.6
262,3300,2051.66655306387,2.6
262,3350,2049.39449708041,2.6
262,3400,2049.39449708041,2.6
262,3450,2047.12244109695,2.6
262,3500,2044.85038511349,2.6
262,3550,2044.85038511349,2.6
262,3600,2042.57832913003,2.6
262,3650,2040.30627314657,2.6
262,3700,2040.30627314657,2.6
262,3750,2038.03421716311,2.6
262,3800,2035.76216117965,2.6
262,3850,2035.76216117965,2.6
262,3900,2033.49010519619,2.6
262,3950,2031.21804921273,2.6
262,4000,2031.21804921273,2.6
262,4050,2028.94599322927,2.6
262,4100,2028.94599322927,2.6
262,4150,2026.67393724581,2.6
262,4200,2024.40188126235,2.6
262,4250,2024.40188126235,2.6
262,4300,2022.12982527889,2.6
262,4350,2022.12982527889,2.6
262,4400,2019.85776929544,2.6
262,4450,2017.58571331198,2.6
262,4500,2017.58571331198,2.6
262,4550,2015.31365732852,2.6
262,4600,2015.31365732852,2.6
262,4650,2013.04160134506,2.6
262,4700,2010.7695453616,2.6
262,4750,2010.7695453616,2.6
262,4800,2008.49748937814,2.6
262,4850,2008.49748937814,2.6
262,4900,2006.22543339468,2.6
262,4950,2006.22543339468,2.6
262,5000,2003.95337741122,2.6
262,5050,2001.68132142776,2.6
262,5100,2001.68132142776,2.6
262,5150,1999.4092654443,2.6
262,5200,1999.4092654443,2.6
262,5250,1997.13720946084,2.6
262,5300,1997.13720946084,2.6
262,5350,1994.86515347738,2.6
262,5400,1994.86515347738,2.6
262,5450,1992.59309749392,2.6
262,5500,1990.32104151046,2.6
262,5550,1990.32104151046,2.6
262,5600,1988.048985527,2.6
262,5650,1988.048985527,2.6
262,5700,1985.77692954354,2.6
262,5750,1985.77692954354,2.6
262,5800,1983.50487356008,2.6
262,5850,1983.50487356008,2.6
262,5900,1981.23281757663,2.6
262,5950,1981.23281757663,2.6
262,6000,1978.96076159317,2.6
262,6050,1978.96076159317,2.6
262,6100,1976.68870560971,2.6
262,6150,1976.68870560971,2.6
262,6200,1974.41664962625,2.6
262,6250,1974.41664962625,2.6
262,6300,1972.14459364279,2.6
262,6350,1972.14459364279,2.6
262,6400,1969.87253765933,2.6
262,6450,1969.87253765933,2.6
262,6500,1967.60048167587,2.6
262,6550,1967.60048167587,2.6
262,6600,1965.32842569241,2.6
262,6650,1965.32842569241,2.6
262,6700,1963.05636970895,2.6
262,6750,1963.05636970895,2.6
262,6800,1960.78431372549,2.6
262,6850,1960.78431372549,2.6
262,6900,1958.51225774203,2.6
262,6950,1958.51225774203,2.6
262,7000,1958.51225774203,2.6
264,3000,2090.29150478268,2.6
264,3050,2088.01944879922,2.6
264,3100,2088.01944879922,2.6
264,3150,2085.74739281576,2.6
264,3200,2083.4753368323,2.6
264,3250,2081.20328084884,2.6
264,3300,2081.20328084884,2.6
264,3350,2078.93122486538,2.6
264,3400,2076.65916888192,2.6
264,3450,2074.38711289846,2.6
264,3500,2074.38711289846,2.6
264,3550,2072.115056915,2.6
264,3600,2069.84300093154,2.6
264,3650,2067.57094494808,2.6
264,3700,2067.57094494808,2.6
264,3750,2065.29888896462,2.6
264,3800,2063.02683298116,2.6
264,3850,2060.75477699771,2.6
264,3900,2060.75477699771,2.6
264,3950,2058.48272101425,2.6
264,4000,2056.21066503079,2.6
264,4050,2056.21066503079,2.6
264,4100,2053.93860904733,2.6
264,4150,2051.66655306387,2.6
264,4200,2051.66655306387,2.6
264,4250,2049.39449708041,2.6
264,4300,2047.12244109695,2.6
264,4350,2047.12244109695,2.6
264,4400,2044.85038511349,2.6
264,4450,2042.57832913003,2.6
264,4500,2042.57832913003,2.6
264,4550,2040.30627314657,2.6
264,4600,2038.03421716311,2.6
264,4650,2038.03421716311,2.6
264,4700,2035.76216117965,2.6
264,4750,2033.49010519619,2.6
264,4800,2033.49010519619,2.6
264,4850,2031.21804921273,2.6
264,4900,2028.94599322927,2.6
264,4950,2028.94599322927,2.6
264,5000,2026.67393724581,2.6
264,5050,2026.67393724581,2.6
264,5100,2024.40188126235,2.6
264,5150,2022.12982527889,2.6
264,5200,2022.12982527889,2.6
264,5250,2019.85776929544,2.6
264,5300,2017.58571331198,2.6
264,5350,2017.58571331198,2.6
264,5400,2015.31365732852,2.6
264,5450,2015.31365732852,2.6
264,5500,2013.04160134506,2.6
264,5550,2013.04160134506,2.6
264,5600,2010.7695453616,2.6
264,5650,2008.49748937814,2.6
264,5700,2008.49748937814,2.6
264,5750,2006.22543339468,2.6
264,5800,2006.22543339468,2.6
264,5850,2003.95337741122,2.6
264,5900,2001.68132142776,2.6
264,5950,2001.68132142776,2.6
264,6000,1999.4092654443,2.6
264,6050,1999.4092654443,2.6
264,6100,1997.13720946084,2.6
264,6150,1997.13720946084,2.6
264,6200,1994.86515347738,2.6
264,6250,1994.86515347738,2.6
264,6300,1992.59309749392,2.6
264,6350,1992.59309749392,2.6
264,6400,1990.32104151046,2.6
264,6450,1988.048985527,2.6
264,6500,1988.048985527,2.6
264,6550,1985.77692954354,2.6
264,6600,1985.77692954354,2.6
264,6650,1983.50487356008,2.6
264,6700,1983.50487356008,2.6
264,6750,1981.23281757663,2.6
264,6800,1981.23281757663,2.6
264,6850,1978.96076159317,2.6
264,6900,1978.96076159317,2.6
264,6950,1976.68870560971,2.6
264,7000,1976.68870560971,2.6
266,3000,2124.37234453457,2.6
266,3050,2122.10028855111,2.6
266,3100,2119.82823256765,2.6
266,3150,2117.55617658419,2.6
266,3200,2115.28412060073,2.6
266,3250,2113.01206461727,2.6
266,3300,2110.74000863381,2.6
266,3350,2110.74000863381,2.6
266,3400,2108.46795265035,2.6
266,3450,2106.19589666689,2.6
266,3500,2103.92384068343,2.6
266,3550,2101.65178469997,2.6
266,3600,2099.37972871652,2.6
266,3650,2099.37972871652,2.6
266,3700,2097.10767273306,2.6
266,3750,2094.8356167496,2.6
266,3800,2092.56356076614,2.6
266,3850,2090.29150478268,2.6
266,3900,2090.29150478268,2.6
266,3950,2088.01944879922,2.6
266,4000,2085.74739281576,2.6
266,4050,2083.4753368323,2.6
266,4100,2081.20328084884,2.6
266,4150,2081.20328084884,2.6
266,4200,2078.93122486538,2.6
266,4250,2076.65916888192,2.6
266,4300,2074.38711289846,2.6
266,4350,2074.38711289846,2.6
266,4400,2072.115056915,2.6
266,4450,2069.84300093154,2.6
266,4500,2067.57094494808,2.6
266,4550,2067.57094494808,2.6
266,4600,2065.29888896462,2.6
266,4650,2063.02683298116,2.6
266,4700,2063.02683298116,2.6
266,4750,2060.75477699771,2.6
266,4800,2058.48272101425,2.6
266,4850,2056.21066503079,2.6
266,4900,2056.21066503079,2.6
266,4950,2053.93860904733,2.6
266,5000,2051.66655306387,2.6
266,5050,2051.66655306387,2.6
266,5100,2049.39449708041,2.6
266,5150,2047.12244109695,2.6
266,5200,2047.12244109695,2.5
266,5250,2044.85038511349,2.5
266,5300,2042.57832913003,2.5
266,5350,2042.57832913003,2.5
266,5400,2040.30627314657,2.5
266,5450,2038.03421716311,2.5
266,5500,2038.03421716311,2.5
266,5550,2035.76216117965,2.5
266,5600,2033.49010519619,2.5
266,5650,2033.49010519619,2.5
266,5700,2031.21804921273,2.5
266,5750,2028.94599322927,2.5
266,5800,2028.94599322927,2.5
266,5850,2026.67393724581,2.5
266,5900,2026.67393724581,2.5
266,5950,2024.40188126235,2.5
266,6000,2022.12982527889,2.5
266,6050,2022.12982527889,2.5
266,6100,2019.85776929544,2.5
266,6150,2017.58571331198,2.5
266,6200,2017.58571331198,2.5
266,6250,2015.31365732852,2.5
266,6300,2015.31365732852,2.5
266,6350,2013.04160134506,2.5
266,6400,2010.7695453616,2.5
266,6450,2010.7695453616,2.5
266,6500,2008.49748937814,2.5
266,6550,2008.49748937814,2.5
266,6600,2006.22543339468,2.5
266,6650,2006.22543339468,2.5
266,6700,2003.95337741122,2.5
266,6750,2001.68132142776,2.5
266,6800,2001.68132142776,2.5
266,6850,1999.4092654443,2.5
266,6900,1999.4092654443,2.5
266,6950,1997.13720946084,2.5
266,7000,1997.13720946084,2.5
268,3000,2160.72524026992,2.5
268,3050,2158.45318428646,2.5
268,3100,2156.181128303,2.5
268,3150,2153.90907231954,2.5
268,3200,2151.63701633608,2.5
268,3250,2149.36496035262,2.5
268,3300,2147.09290436916,2.5
268,3350,2144.8208483857,2.5
268,3400,2142.54879240224,2.5
268,3450,2140.27673641879,2.5
268,3500,2138.00468043533,2.5
268,3550,2135.73262445187,2.5
268,3600,2133.46056846841,2.5
268,3650,2131.18851248495,2.5
268,3700,2128.91645650149,2.5
268,3750,2128.91645650149,2.5
268,3800,2126.64440051803,2.5
268,3850,2124.37234453457,2.5
268,3900,2122.10028855111,2.5
268,3950,2119.82823256765,2.5
268,4000,2117.55617658419,2.5
268,4050,2115.28412060073,2.5
268,4100,2113.01206461727,2.5
268,4150,2110.74000863381,2.5
268,4200,2110.74000863381,2.5
268,4250,2108.46795265035,2.5
268,4300,2106.19589666689,2.5
268,4350,2103.92384068343,2.5
268,4400,2101.65178469997,2.5
268,4450,2099.37972871652,2.5
268,4500,2099.37972871652,2.5
268,4550,2097.10767273306,2.5
268,4600,2094.8356167496,2.5
268,4650,2092.56356076614,2.5
268,4700,2090.29150478268,2.5
268,4750,2088.01944879922,2.5
268,4800,2088.01944879922,2.5
268,4850,2085.74739281576,2.5
268,4900,2083.4753368323,2.5
268,4950,2081.20328084884,2.5
268,5000,2081.20328084884,2.5
268,5050,2078.93122486538,2.5
268,5100,2076.65916888192,2.5
268,5150,2074.38711289846,2.5
268,5200,2072.115056915,2.5
268,5250,2072.115056915,2.5
268,5300,2069.84300093154,2.5
268,5350,2067.57094494808,2.5
268,5400,2067.57094494808,2.5
268,5450,2065.29888896462,2.5
268,5500,2063.02683298116,2.5
268,5550,2060.75477699771,2.5
268,5600,2060.75477699771,2.5
268,5650,2058.48272101425,2.5
268,5700,2056.21066503079,2.5
268,5750,2056.21066503079,2.5
268,5800,2053.93860904733,2.5
268,5850,2051.66655306387,2.5
268,5900,2049.39449708041,2.5
268,5950,2049.39449708041,2.5
268,6000,2047.12244109695,2.5
268,6050,2044.85038511349,2.5
268,6100,2044.85038511349,2.5
268,6150,2042.57832913003,2.5
268,6200,2040.30627314657,2.5
268,6250,2040.30627314657,2.5
268,6300,2038.03421716311,2.5
268,6350,2035.76216117965,2.5
268,6400,2035.76216117965,2.5
268,6450,2033.49010519619,2.5
268,6500,2031.21804921273,2.5
268,6550,2031.21804921273,2.5
268,6600,2028.94599322927,2.5
268,6650,2026.67393724581,2.5
268,6700,2026.67393724581,2.5
268,6750,2024.40188126235,2.5
268,6800,2024.40188126235,2.5
268,6850,2022.12982527889,2.5
268,6900,2019.85776929544,2.5
268,6950,2019.85776929544,2.5
268,7000,2017.58571331198,2.5
270,3000,2201.62224797219,2.5
270,3050,2199.35019198873,2.5
270,3100,2197.07813600527,2.5
270,3150,2194.80608002181,2.5
270,3200,2192.53402403835,2.5
270,3250,2190.26196805489,2.5
270,3300,2187.98991207143,2.5
270,3350,2183.44580010451,2.5
270,3400,2181.17374412106,2.5
270,3450,2178.9016881376,2.5
270,3500,2176.62963215414,2.5
270,3550,2174.35757617068,2.5
270,3600,2172.08552018722,2.5
270,3650,2169.81346420376,2.5
270,3700,2167.5414082203,2.5
270,3750,2165.26935223684,2.5
270,3800,2162.99729625338,2.5
270,3850,2160.72524026992,2.5
270,3900,2158.45318428646,2.5
270,3950,2156.181128303,2.5
270,4000,2153.90907231954,2.5
270,4050,2151.63701633608,2.5
270,4100,2149.36496035262,2.5
270,4150,2147.09290436916,2.5
270,4200,2144.8208483857,2.5
270,4250,2142.54879240224,2.5
270,4300,2140.27673641879,2.5
270,4350,2138.00468043533,2.5
270,4400,2135.73262445187,2.5
270,4450,2133.46056846841,2.5
270,4500,2131.18851248495,2.5
270,4550,2128.91645650149,2.5
270,4600,2126.64440051803,2.5
270,4650,2124.37234453457,2.5
270,4700,2122.10028855111,2.5
270,4750,2119.82823256765,2.5
270,4800,2119.82823256765,2.5
270,4850,2117.55617658419,2.5
270,4900,2115.28412060073,2.5
270,4950,2113.01206461727,2.5
270,5000,2110.74000863381,2.5
270,5050,2108.46795265035,2.5
270,5100,2106.19589666689,2.5
270,5150,2103.92384068343,2.5
270,5200,2103.92384068343,2.5
270,5250,2101.65178469997,2.5
270,5300,2099.37972871652,2.5
270,5350,2097.10767273306,2.5
270,5400,2094.8356167496,2.5
270,5450,2092.56356076614,2.5
270,5500,2092.56356076614,2.5
270,5550,2090.29150478268,2.5
270,5600,2088.01944879922,2.5
270,5650,2085.74739281576,2.5
270,5700,2083.4753368323,2.5
270,5750,2083.4753368323,2.5
270,5800,2081.20328084884,2.5
270,5850,2078.93122486538,2.5
270,5900,2076.65916888192,2.5
270,5950,2076.65916888192,2.5
270,6000,2074.38711289846,2.5
270,6050,2072.115056915,2.5
270,6100,2069.84300093154,2.5
270,6150,2069.84300093154,2.5
270,6200,2067.57094494808,2.5
270,6250,2065.29888896462,2.5
270,6300,2063.02683298116,2.5
270,6350,2063.02683298116,2.5
270,6400,2060.75477699771,2.5
270,6450,2058.48272101425,2.5
270,6500,2056.21066503079,2.5
270,6550,2056.21066503079,2.5
270,6600,2053.93860904733,2.5
270,6650,2051.66655306387,2.5
270,6700,2051.66655306387,2.5
270,6750,2049.39449708041,2.5
270,6800,2047.12244109695,2.5
270,6850,2047.12244109695,2.4
270,6900,2044.85038511349,2.4
270,6950,2042.57832913003,2.4
270,7000,2042.57832913003,2.4
272,3050,2247.06336764138,2.4
272,3100,2244.79131165792,2.4
272,3150,2240.247199691,2.4
272,3200,2237.97514370754,2.4
272,3250,2235.70308772408,2.4
272,3300,2231.15897575716,2.4
272,3350,2228.8869197737,2.4
272,3400,2226.61486379024,2.4
272,3450,2224.34280780678,2.4
272,3500,2219.79869583987,2.4
272,3550,2217.52663985641,2.4
272,3600,2215.25458387295,2.4
272,3650,2212.98252788949,2.4
272,3700,2208.43841592257,2.4
272,3750,2206.16635993911,2.4
272,3800,2203.89430395565,2.4
272,3850,2201.62224797219,2.4
272,3900,2199.35019198873,2.4
272,3950,2194.80608002181,2.4
272,4000,2192.53402403835,2.4
272,4050,2190.26196805489,2.4
272,4100,2187.98991207143,2.4
272,4150,2185.71785608797,2.4
272,4200,2183.44580010451,2.4
272,4250,2181.17374412106,2.4
272,4300,2178.9016881376,2.4
272,4350,2174.35757617068,2.4
272,4400,2172.08552018722,2.4
272,4450,2169.81346420376,2.4
272,4500,2167.5414082203,2.4
272,4550,2165.26935223684,2.4
272,4600,2162.99729625338,2.4
272,4650,2160.72524026992,2.4
272,4700,2158.45318428646,2.4
272,4750,2156.181128303,2.4
272,4800,2153.90907231954,2.4
272,4850,2151.63701633608,2.4
272,4900,2149.36496035262,2.4
272,4950,2147.09290436916,2.4
272,5000,2144.8208483857,2.4
272,5050,2142.54879240224,2.4
272,5100,2140.27673641879,2.4
272,5150,2138.00468043533,2.4
272,5200,2135.73262445187,2.4
272,5250,2133.46056846841,2.4
272,5300,2131.18851248495,2.4
272,5350,2128.91645650149,2.4
272,5400,2126.64440051803,2.4
272,5450,2126.64440051803,2.4
272,5500,2124.37234453457,2.4
272,5550,2122.10028855111,2.4
272,5600,2119.82823256765,2.4
272,5650,2117.55617658419,2.4
272,5700,2115.28412060073,2.4
272,5750,2113.01206461727,2.4
272,5800,2110.74000863381,2.4
272,5850,2108.46795265035,2.4
272,5900,2108.46795265035,2.4
272,5950,2106.19589666689,2.4
272,6000,2103.92384068343,2.4
272,6050,2101.65178469997,2.4
272,6100,2099.37972871652,2.4
272,6150,2097.10767273306,2.4
272,6200,2094.8356167496,2.4
272,6250,2094.8356167496,2.4
272,6300,2092.56356076614,2.4
272,6350,2090.29150478268,2.4
272,6400,2088.01944879922,2.4
272,6450,2085.74739281576,2.4
272,6500,2085.74739281576,2.4
272,6550,2083.4753368323,2.4
272,6600,2081.20328084884,2.4
272,6650,2078.93122486538,2.4
272,6700,2076.65916888192,2.4
272,6750,2076.65916888192,2.4
272,6800,2074.38711289846,2.4
272,6850,2072.115056915,2.4
272,6900,2069.84300093154,2.4
272,6950,2069.84300093154,2.4
272,7000,2067.57094494808,2.4
274,3200,2290.23243132711,2.4
274,3250,2287.96037534365,2.4
274,3300,2283.41626337673,2.4
274,3350,2281.14420739327,2.4
274,3400,2276.60009542635,2.4
274,3450,2274.32803944289,2.4
274,3500,2269.78392747597,2.4
274,3550,2267.51187149251,2.4
274,3600,2262.96775952559,2.4
274,3650,2260.69570354214,2.4
274,3700,2258.42364755868,2.4
274,3750,2253.87953559176,2.4
274,3800,2251.6074796083,2.4
274,3850,2247.06336764138,2.4
274,3900,2244.79131165792,2.4
274,3950,2242.51925567446,2.4
274,4000,2237.97514370754,2.4
274,4050,2235.70308772408,2.4
274,4100,2233.43103174062,2.4
274,4150,2228.8869197737,2.4
274,4200,2226.61486379024,2.4
274,4250,2224.34280780678,2.4
274,4300,2219.79869583987,2.4
274,4350,2217.52663985641,2.4
274,4400,2215.25458387295,2.4
274,4450,2212.98252788949,2.4
274,4500,2210.71047190603,2.4
274,4550,2206.16635993911,2.4
274,4600,2203.89430395565,2.4
274,4650,2201.62224797219,2.4
274,4700,2199.35019198873,2.4
274,4750,2197.07813600527,2.4
274,4800,2192.53402403835,2.4
274,4850,2190.26196805489,2.4
274,4900,2187.98991207143,2.4
274,4950,2185.71785608797,2.4
274,5000,2183.44580010451,2.4
274,5050,2181.17374412106,2.4
274,5100,2178.9016881376,2.4
274,5150,2176.62963215414,2.4
274,5200,2172.08552018722,2.4
274,5250,2169.81346420376,2.4
274,5300,2167.5414082203,2.4
274,5350,2165.26935223684,2.4
274,5400,2162.99729625338,2.4
274,5450,2160.72524026992,2.4
274,5500,2158.45318428646,2.4
274,5550,2156.181128303,2.4
274,5600,2153.90907231954,2.4
274,5650,2151.63701633608,2.4
274,5700,2149.36496035262,2.4
274,5750,2147.09290436916,2.4
274,5800,2144.8208483857,2.4
274,5850,2142.54879240224,2.4
274,5900,2140.27673641879,2.4
274,5950,2138.00468043533,2.4
274,6000,2135.73262445187,2.4
274,6050,2133.46056846841,2.4
274,6100,2131.18851248495,2.4
274,6150,2128.91645650149,2.4
274,6200,2126.64440051803,2.4
274,6250,2124.37234453457,2.4
274,6300,2124.37234453457,2.4
274,6350,2122.10028855111,2.4
274,6400,2119.82823256765,2.4
274,6450,2117.55617658419,2.4
274,6500,2115.28412060073,2.4
274,6550,2113.01206461727,2.4
274,6600,2110.74000863381,2.4
274,6650,2108.46795265035,2.4
274,6700,2106.19589666689,2.4
274,6750,2106.19589666689,2.4
274,6800,2103.92384068343,2.4
274,6850,2101.65178469997,2.4
274,6900,2099.37972871652,2.4
274,6950,2097.10767273306,2.4
274,7000,2094.8356167496,2.4
276,3400,2335.6735509963,2.4
276,3450,2333.40149501284,2.4
276,3500,2328.85738304592,2.4
276,3550,2324.313271079,2.4
276,3600,2319.76915911208,2.4
276,3650,2317.49710312862,2.4
276,3700,2312.9529911617,2.4
276,3750,2308.40887919478,2.4
276,3800,2306.13682321132,2.4
276,3850,2301.59271124441,2.4
276,3900,2297.04859927749,2.4
276,3950,2294.77654329403,2.4
276,4000,2290.23243132711,2.4
276,4050,2287.96037534365,2.4
276,4100,2283.41626337673,2.4
276,4150,2281.14420739327,2.4
276,4200,2276.60009542635,2.4
276,4250,2274.32803944289,2.4
276,4300,2269.78392747597,2.4
276,4350,2267.51187149251,2.4
276,4400,2262.96775952559,2.4
276,4450,2260.69570354214,2.4
276,4500,2256.15159157522,2.4
276,4550,2253.87953559176,2.4
276,4600,2251.6074796083,2.3
276,4650,2247.06336764138,2.3
276,4700,2244.79131165792,2.3
276,4750,2240.247199691,2.3
276,4800,2237.97514370754,2.3
276,4850,2235.70308772408,2.3
276,4900,2231.15897575716,2.3
276,4950,2228.8869197737,2.3
276,5000,2226.61486379024,2.3
276,5050,2224.34280780678,2.3
276,5100,2219.79869583987,2.3
276,5150,2217.52663985641,2.3
276,5200,2215.25458387295,2.3
276,5250,2210.71047190603,2.3
276,5300,2208.43841592257,2.3
276,5350,2206.16635993911,2.3
276,5400,2203.89430395565,2.3
276,5450,2201.62224797219,2.3
276,5500,2197.07813600527,2.3
276,5550,2194.80608002181,2.3
276,5600,2192.53402403835,2.3
276,5650,2190.26196805489,2.3
276,5700,2187.98991207143,2.3
276,5750,2185.71785608797,2.3
276,5800,2183.44580010451,2.3
276,5850,2178.9016881376,2.3
276,5900,2176.62963215414,2.3
276,5950,2174.35757617068,2.3
276,6000,2172.08552018722,2.3
276,6050,2169.81346420376,2.3
276,6100,2167.5414082203,2.3
276,6150,2165.26935223684,2.3
276,6200,2162.99729625338,2.3
276,6250,2160.72524026992,2.3
276,6300,2158.45318428646,2.3
276,6350,2156.181128303,2.3
276,6400,2153.90907231954,2.3
276,6450,2151.63701633608,2.3
276,6500,2149.36496035262,2.3
276,6550,2147.09290436916,2.3
276,6600,2144.8208483857,2.3
276,6650,2142.54879240224,2.3
276,6700,2140.27673641879,2.3
276,6750,2138.00468043533,2.3
276,6800,2135.73262445187,2.3
276,6850,2133.46056846841,2.3
276,6900,2131.18851248495,2.3
276,6950,2128.91645650149,2.3
276,7000,2126.64440051803,2.3
278,3550,2392.47495058278,2.4
278,3600,2387.93083861586,2.4
278,3650,2383.38672664894,2.4
278,3700,2378.84261468203,2.4
278,3750,2374.29850271511,2.4
278,3800,2369.75439074819,2.4
278,3850,2365.21027878127,2.3
278,3900,2360.66616681435,2.3
278,3950,2356.12205484743,2.3
278,4000,2351.57794288051,2.3
278,4050,2347.03383091359,2.3
278,4100,2342.48971894668,2.3
278,4150,2337.94560697976,2.3
278,4200,2335.6735509963,2.3
278,4250,2331.12943902938,2.3
278,4300,2326.58532706246,2.3
278,4350,2322.04121509554,2.3
278,4400,2319.76915911208,2.3
278,4450,2315.22504714516,2.3
278,4500,2310.68093517824,2.3
278,4550,2308.40887919478,2.3
278,4600,2303.86476722786,2.3
278,4650,2299.32065526095,2.3
278,4700,2297.04859927749,2.3
278,4750,2292.50448731057,2.3
278,4800,2290.23243132711,2.3
278,4850,2285.68831936019,2.3
278,4900,2281.14420739327,2.3
278,4950,2278.87215140981,2.3
278,5000,2274.32803944289,2.3
278,5050,2272.05598345943,2.3
278,5100,2267.51187149251,2.3
278,5150,2265.23981550905,2.3
278,5200,2260.69570354214,2.3
278,5250,2258.42364755868,2.3
278,5300,2256.15159157522,2.3
278,5350,2251.6074796083,2.3
278,5400,2249.33542362484,2.3
278,5450,2244.79131165792,2.3
278,5500,2242.51925567446,2.3
278,5550,2240.247199691,2.3
278,5600,2235.70308772408,2.3
278,5650,2233.43103174062,2.3
278,5700,2231.15897575716,2.3
278,5750,2226.61486379024,2.3
278,5800,2224.34280780678,2.3
278,5850,2222.07075182332,2.3
278,5900,2219.79869583987,2.3
278,5950,2215.25458387295,2.3
278,6000,2212.98252788949,2.3
278,6050,2210.71047190603,2.3
278,6100,2208.43841592257,2.3
278,6150,2203.89430395565,2.3
278,6200,2201.62224797219,2.3
278,6250,2199.35019198873,2.3
278,6300,2197.07813600527,2.3
278,6350,2194.80608002181,2.3
278,6400,2190.26196805489,2.3
278,6450,2187.98991207143,2.3
278,6500,2185.71785608797,2.3
278,6550,2183.44580010451,2.3
278,6600,2181.17374412106,2.3
278,6650,2178.9016881376,2.3
278,6700,2176.62963215414,2.3
278,6750,2172.08552018722,2.3
278,6800,2169.81346420376,2.3
278,6850,2167.5414082203,2.3
278,6900,2165.26935223684,2.3
278,6950,2162.99729625338,2.3
278,7000,2160.72524026992,2.3
280,3750,2449.27635016927,2.4
280,3800,2444.73223820235,2.4
280,3850,2437.91607025197,2.4
280,3900,2433.37195828505,2.3
280,3950,2428.82784631813,2.3
280,4000,2422.01167836775,2.3
280,4050,2417.46756640084,2.3
280,4100,2412.92345443392,2.3
280,4150,2408.379342467,2.3
280,4200,2403.83523050008,2.3
280,4250,2397.0190625497,2.3
280,4300,2392.47495058278,2.3
280,4350,2387.93083861586,2.3
280,4400,2383.38672664894,2.3
280,4450,2378.84261468203,2.3
280,4500,2374.29850271511,2.3
280,4550,2369.75439074819,2.3
280,4600,2365.21027878127,2.3
280,4650,2360.66616681435,2.3
280,4700,2356.12205484743,2.3
280,4750,2351.57794288051,2.3
280,4800,2349.30588689705,2.3
280,4850,2344.76177493013,2.3
280,4900,2340.21766296322,2.3
280,4950,2335.6735509963,2.3
280,5000,2331.12943902938,2.3
280,5050,2326.58532706246,2.3
280,5100,2324.313271079,2.3
280,5150,2319.76915911208,2.3
280,5200,2315.22504714516,2.3
280,5250,2312.9529911617,2.3
280,5300,2308.40887919478,2.3
280,5350,2303.86476722786,2.3
280,5400,2301.59271124441,2.3
280,5450,2297.04859927749,2.3
280,5500,2292.50448731057,2.3
280,5550,2290.23243132711,2.3
280,5600,2285.68831936019,2.3
280,5650,2283.41626337673,2.3
280,5700,2278.87215140981,2.3
280,5750,2276.60009542635,2.3
280,5800,2272.05598345943,2.3
280,5850,2269.78392747597,2.3
280,5900,2265.23981550905,2.3
280,5950,2262.96775952559,2.3
280,6000,2258.42364755868,2.3
280,6050,2256.15159157522,2.3
280,6100,2251.6074796083,2.3
280,6150,2249.33542362484,2.2
280,6200,2247.06336764138,2.2
280,6250,2242.51925567446,2.2
280,6300,2240.247199691,2.2
280,6350,2237.97514370754,2.2
280,6400,2233.43103174062,2.2
280,6450,2231.15897575716,2.2
280,6500,2228.8869197737,2.2
280,6550,2224.34280780678,2.2
280,6600,2222.07075182332,2.2
280,6650,2219.79869583987,2.2
280,6700,2215.25458387295,2.2
280,6750,2212.98252788949,2.2
280,6800,2210.71047190603,2.2
280,6850,2208.43841592257,2.2
280,6900,2203.89430395565,2.2
280,6950,2201.62224797219,2.2
280,7000,2199.35019198873,2.2
282,3900,2521.98214163997,2.4
282,3950,2515.16597368959,2.4
282,4000,2508.34980573921,2.4
282,4050,2503.80569377229,2.4
282,4100,2496.98952582192,2.3
282,4150,2490.17335787154,2.3
282,4200,2485.62924590462,2.3
282,4250,2478.81307795424,2.3
282,4300,2471.99691000386,2.3
282,4350,2467.45279803694,2.3
282,4400,2460.63663008657,2.3
282,4450,2456.09251811965,2.3
282,4500,2449.27635016927,2.3
282,4550,2444.73223820235,2.3
282,4600,2437.91607025197,2.3
282,4650,2433.37195828505,2.3
282,4700,2428.82784631813,2.3
282,4750,2422.01167836775,2.3
282,4800,2417.46756640084,2.3
282,4850,2412.92345443392,2.3
282,4900,2408.379342467,2.3
282,4950,2403.83523050008,2.3
282,5000,2397.0190625497,2.3
282,5050,2392.47495058278,2.3
282,5100,2387.93083861586,2.3
282,5150,2383.38672664894,2.3
282,5200,2378.84261468203,2.3
282,5250,2374.29850271511,2.3
282,5300,2369.75439074819,2.2
282,5350,2365.21027878127,2.2
282,5400,2360.66616681435,2.2
282,5450,2356.12205484743,2.2
282,5500,2351.57794288051,2.2
282,5550,2347.03383091359,2.2
282,5600,2344.76177493013,2.2
282,5650,2340.21766296322,2.2
282,5700,2335.6735509963,2.2
282,5750,2331.12943902938,2.2
282,5800,2326.58532706246,2.2
282,5850,2324.313271079,2.2
282,5900,2319.76915911208,2.2
282,5950,2315.22504714516,2.2
282,6000,2310.68093517824,2.2
282,6050,2308.40887919478,2.2
282,6100,2303.86476722786,2.2
282,6150,2299.32065526095,2.2
282,6200,2297.04859927749,2.2
282,6250,2292.50448731057,2.2
282,6300,2290.23243132711,2.2
282,6350,2285.68831936019,2.2
282,6400,2281.14420739327,2.2
282,6450,2278.87215140981,2.2
282,6500,2274.32803944289,2.2
282,6550,2272.05598345943,2.2
282,6600,2267.51187149251,2.2
282,6650,2265.23981550905,2.2
282,6700,2260.69570354214,2.2
282,6750,2258.42364755868,2.2
282,6800,2256.15159157522,2.2
282,6850,2251.6074796083,2.2
282,6900,2249.33542362484,2.2
282,6950,2244.79131165792,2.2
282,7000,2242.51925567446,2.2
284,4100,2599.23204507759,2.4
284,4150,2592.41587712721,2.4
284,4200,2585.59970917683,2.4
284,4250,2576.511485243,2.4
284,4300,2569.69531729262,2.4
284,4350,2562.87914934224,2.4
284,4400,2556.06298139186,2.4
284,4450,2546.97475745802,2.3
284,4500,2540.15858950765,2.3
284,4550,2533.34242155727,2.3
284,4600,2526.52625360689,2.3
284,4650,2519.71008565651,2.3
284,4700,2512.89391770613,2.3
284,4750,2508.34980573921,2.3
284,4800,2501.53363778884,2.3
284,4850,2494.71746983846,2.3
284,4900,2487.90130188808,2.3
284,4950,2483.35718992116,2.3
284,5000,2476.54102197078,2.3
284,5050,2469.7248540204,2.3
284,5100,2465.18074205348,2.3
284,5150,2458.36457410311,2.3
284,5200,2453.82046213619,2.3
284,5250,2447.00429418581,2.2
284,5300,2442.46018221889,2.2
284,5350,2437.91607025197,2.2
284,5400,2431.09990230159,2.2
284,5450,2426.55579033467,2.2
284,5500,2422.01167836775,2.2
284,5550,2415.19551041738,2.2
284,5600,2410.65139845046,2.2
284,5650,2406.10728648354,2.2
284,5700,2401.56317451662,2.2
284,5750,2397.0190625497,2.2
284,5800,2390.20289459932,2.2
284,5850,2385.6587826324,2.2
284,5900,2381.11467066549,2.2
284,5950,2376.57055869857,2.2
284,6000,2372.02644673165,2.2
284,6050,2367.48233476473,2.2
284,6100,2362.93822279781,2.2
284,6150,2358.39411083089,2.2
284,6200,2353.84999886397,2.2
284,6250,2349.30588689705,2.2
284,6300,2347.03383091359,2.2
284,6350,2342.48971894668,2.2
284,6400,2337.94560697976,2.2
284,6450,2333.40149501284,2.2
284,6500,2328.85738304592,2.2
284,6550,2326.58532706246,2.2
284,6600,2322.04121509554,2.2
284,6650,2317.49710312862,2.2
284,6700,2312.9529911617,2.2
284,6750,2310.68093517824,2.2
284,6800,2306.13682321132,2.2
284,6850,2301.59271124441,2.2
284,6900,2299.32065526095,2.2
284,6950,2294.77654329403,2.2
284,7000,2290.23243132711,2.2
286,4300,2692.38634039943,2.5
286,4350,2681.02606048213,2.5
286,4400,2671.93783654829,2.5
286,4450,2662.84961261446,2.4
286,4500,2653.76138868062,2.4
286,4550,2644.67316474678,2.4
286,4600,2635.58494081294,2.4
286,4650,2628.76877286256,2.4
286,4700,2619.68054892873,2.4
286,4750,2610.59232499489,2.4
286,4800,2603.77615704451,2.4
286,4850,2594.68793311067,2.3
286,4900,2587.87176516029,2.3
286,4950,2578.78354122646,2.3
286,5000,2571.96737327608,2.3
286,5050,2565.1512053257,2.3
286,5100,2558.33503737532,2.3
286,5150,2549.24681344148,2.3
286,5200,2542.43064549111,2.3
286,5250,2535.61447754073,2.3
286,5300,2528.79830959035,2.3
286,5350,2521.98214163997,2.3
286,5400,2515.16597368959,2.2
286,5450,2510.62186172267,2.2
286,5500,2503.80569377229,2.2
286,5550,2496.98952582192,2.2
286,5600,2490.17335787154,2.2
286,5650,2483.35718992116,2.2
286,5700,2478.81307795424,2.2
286,5750,2471.99691000386,2.2
286,5800,2467.45279803694,2.2
286,5850,2460.63663008657,2.2
286,5900,2456.09251811965,2.2
286,5950,2449.27635016927,2.2
286,6000,2444.73223820235,2.2
286,6050,2437.91607025197,2.2
286,6100,2433.37195828505,2.2
286,6150,2428.82784631813,2.2
286,6200,2422.01167836775,2.2
286,6250,2417.46756640084,2.2
286,6300,2412.92345443392,2.2
286,6350,2406.10728648354,2.2
286,6400,2401.56317451662,2.2
286,6450,2397.0190625497,2.2
286,6500,2392.47495058278,2.2
286,6550,2387.93083861586,2.2
286,6600,2383.38672664894,2.1
286,6650,2378.84261468203,2.1
286,6700,2374.29850271511,2.1
286,6750,2369.75439074819,2.1
286,6800,2365.21027878127,2.1
286,6850,2360.66616681435,2.1
286,6900,2356.12205484743,2.1
286,6950,2351.57794288051,2.1
286,7000,2347.03383091359,2.1
288,4500,2801.44502760548,2.6
288,4550,2787.81269170472,2.6
288,4600,2776.45241178743,2.6
288,4650,2765.09213187013,2.6
288,4700,2753.73185195283,2.5
288,4750,2742.37157203553,2.5
288,4800,2733.2833481017,2.5
288,4850,2721.9230681844,2.5
288,4900,2710.5627882671,2.4
288,4950,2701.47456433327,2.4
288,5000,2692.38634039943,2.4
288,5050,2681.02606048213,2.4
288,5100,2671.93783654829,2.4
288,5150,2662.84961261446,2.4
288,5200,2653.76138868062,2.4
288,5250,2644.67316474678,2.3
288,5300,2635.58494081294,2.3
288,5350,2628.76877286256,2.3
288,5400,2619.68054892873,2.3
288,5450,2610.59232499489,2.3
288,5500,2603.77615704451,2.3
288,5550,2594.68793311067,2.3
288,5600,2587.87176516029,2.3
288,5650,2578.78354122646,2.3
288,5700,2571.96737327608,2.2
288,5750,2565.1512053257,2.2
288,5800,2558.33503737532,2.2
288,5850,2549.24681344148,2.2
288,5900,2542.43064549111,2.2
288,5950,2535.61447754073,2.2
288,6000,2528.79830959035,2.2
288,6050,2521.98214163997,2.2
288,6100,2515.16597368959,2.2
288,6150,2508.34980573921,2.2
288,6200,2503.80569377229,2.2
288,6250,2496.98952582192,2.2
288,6300,2490.17335787154,2.2
288,6350,2483.35718992116,2.2
288,6400,2478.81307795424,2.2
288,6450,2471.99691000386,2.1
288,6500,2467.45279803694,2.1
288,6550,2460.63663008657,2.1
288,6600,2453.82046213619,2.1
288,6650,2449.27635016927,2.1
288,6700,2444.73223820235,2.1
288,6750,2437.91607025197,2.1
288,6800,2433.37195828505,2.1
288,6850,2426.55579033467,2.1
288,6900,2422.01167836775,2.1
288,6950,2417.46756640084,2.1
288,7000,2412.92345443392,2.1
290,4750,2917.31988276191,2.8
290,4800,2903.68754686115,2.8
290,4850,2887.78315497694,2.7
290,4900,2874.15081907618,2.7
290,4950,2860.51848317543,2.7
290,5000,2846.88614727467,2.6
290,5050,2833.25381137391,2.6
290,5100,2821.89353145662,2.6
290,5150,2808.26119555586,2.5
290,5200,2796.90091563856,2.5
290,5250,2785.54063572126,2.5
290,5300,2771.90829982051,2.5
290,5350,2760.54801990321,2.4
290,5400,2751.45979596937,2.4
290,5450,2740.09951605208,2.4
290,5500,2728.73923613478,2.4
290,5550,2719.65101220094,2.4
290,5600,2708.29073228364,2.4
290,5650,2699.20250834981,2.3
290,5700,2687.84222843251,2.3
290,5750,2678.75400449867,2.3
290,5800,2669.66578056483,2.3
290,5850,2660.577556631,2.3
290,5900,2651.48933269716,2.3
290,5950,2642.40110876332,2.3
290,6000,2633.31288482948,2.2
290,6050,2624.22466089564,2.2
290,6100,2617.40849294527,2.2
290,6150,2608.32026901143,2.2
290,6200,2601.50410106105,2.2
290,6250,2592.41587712721,2.2
290,6300,2585.59970917683,2.2
290,6350,2576.511485243,2.2
290,6400,2569.69531729262,2.2
290,6450,2562.87914934224,2.2
290,6500,2553.7909254084,2.2
290,6550,2546.97475745802,2.2
290,6600,2540.15858950765,2.1
290,6650,2533.34242155727,2.1
290,6700,2526.52625360689,2.1
290,6750,2519.71008565651,2.1
290,6800,2512.89391770613,2.1
290,6850,2506.07774975575,2.1
290,6900,2501.53363778884,2.1
290,6950,2494.71746983846,2.1
290,7000,2487.90130188808,2.1
292,4950,3080.90791357099,3.2
292,5000,3060.45940971986,3.1
292,5050,3042.28296185218,3
292,5100,3021.83445800105,3
292,5150,3005.93006611683,2.9
292,5200,2987.75361824915,2.9
292,5250,2969.57717038148,2.8
292,5300,2953.67277849726,2.8
292,5350,2937.76838661305,2.7
292,5400,2921.86399472883,2.7
292,5450,2908.23165882807,2.7
292,5500,2892.32726694386,2.6
292,5550,2878.6949310431,2.6
292,5600,2865.06259514234,2.6
292,5650,2851.43025924159,2.5
292,5700,2837.79792334083,2.5
292,5750,2824.16558744007,2.5
292,5800,2812.80530752278,2.5
292,5850,2801.44502760548,2.4
292,5900,2787.81269170472,2.4
292,5950,2776.45241178743,2.4
292,6000,2765.09213187013,2.4
292,6050,2753.73185195283,2.3
292,6100,2742.37157203553,2.3
292,6150,2733.2833481017,2.3
292,6200,2721.9230681844,2.3
292,6250,2710.5627882671,2.3
292,6300,2701.47456433327,2.3
292,6350,2692.38634039943,2.3
292,6400,2681.02606048213,2.2
292,6450,2671.93783654829,2.2
292,6500,2662.84961261446,2.2
292,6550,2653.76138868062,2.2
292,6600,2644.67316474678,2.2
292,6650,2635.58494081294,2.2
292,6700,2628.76877286256,2.2
292,6750,2619.68054892873,2.2
292,6800,2610.59232499489,2.2
292,6850,2603.77615704451,2.1
292,6900,2594.68793311067,2.1
292,6950,2587.87176516029,2.1
292,7000,2578.78354122646,2.1
294,5200,3262.67239224774,3.6
294,5250,3235.40772044623,3.5
294,5300,3210.41510462818,3.4
294,5350,3187.69454479358,3.3
294,5400,3162.70192897553,3.2
294,5450,3142.2534251244,3.2
294,5500,3119.5328652898,3.1
294,5550,3099.08436143867,3
294,5600,3078.63585758753,3
294,5650,3058.1873537364,2.9
294,5700,3040.01090586872,2.9
294,5750,3021.83445800105,2.8
294,5800,3003.65801013337,2.8
294,5850,2985.48156226569,2.7
294,5900,2969.57717038148,2.7
294,5950,2953.67277849726,2.6
294,6000,2937.76838661305,2.6
294,6050,2921.86399472883,2.6
294,6100,2905.95960284461,2.5
294,6150,2892.32726694386,2.5
294,6200,2878.6949310431,2.5
294,6250,2865.06259514234,2.5
294,6300,2851.43025924159,2.4
294,6350,2837.79792334083,2.4
294,6400,2824.16558744007,2.4
294,6450,2812.80530752278,2.4
294,6500,2799.17297162202,2.3
294,6550,2787.81269170472,2.3
294,6600,2776.45241178743,2.3
294,6650,2765.09213187013,2.3
294,6700,2753.73185195283,2.3
294,6750,2742.37157203553,2.3
294,6800,2731.01129211824,2.2
294,6850,2721.9230681844,2.2
294,6900,2710.5627882671,2.2
294,6950,2701.47456433327,2.2
294,7000,2690.11428441597,2.2
296,5400,3533.04705427942,4.4
296,5450,3496.69415854407,4.3
296,5500,3460.34126280872,4.1
296,5550,3426.26042305682,4
296,5600,3394.45163928839,3.8
296,5650,3362.64285551996,3.7
296,5700,3333.10612773499,3.6
296,5750,3303.56939995001,3.5
296,5800,3276.3047281485,3.4
296,5850,3249.04005634699,3.3
296,5900,3224.04744052893,3.2
296,5950,3199.05482471088,3.2
296,6000,3176.33426487629,3.1
296,6050,3153.61370504169,3
296,6100,3130.8931452071,3
296,6150,3110.44464135596,2.9
296,6200,3089.99613750483,2.8
296,6250,3069.54763365369,2.8
296,6300,3051.37118578602,2.8
296,6350,3030.92268193488,2.7
296,6400,3012.74623406721,2.7
296,6450,2996.84184218299,2.6
296,6500,2978.66539431532,2.6
296,6550,2962.7610024311,2.6
296,6600,2946.85661054688,2.5
296,6650,2930.95221866267,2.5
296,6700,2915.04782677845,2.5
296,6750,2901.4154908777,2.4
296,6800,2885.51109899348,2.4
296,6850,2871.87876309272,2.4
296,6900,2858.24642719197,2.4
296,6950,2844.61409129121,2.3
296,7000,2833.25381137391,2.3
298,5650,3864.76722786449,5.6
298,5700,3810.23788426147,5.3
298,5750,3757.9805966419,5
298,5800,3707.99536500579,4.8
298,5850,3662.55424533661,4.6
298,5900,3617.11312566742,4.4
298,5950,3576.21611796515,4.2
298,6000,3537.59116624634,4.1
298,6050,3498.96621452753,3.9
298,6100,3464.88537477563,3.8
298,6150,3430.80453502374,3.7
298,6200,3396.72369527185,3.6
298,6250,3367.18696748688,3.5
298,6300,3335.37818371845,3.4
298,6350,3308.11351191693,3.3
298,6400,3280.84884011542,3.2
298,6450,3253.58416831391,3.1
298,6500,3228.59155249585,3.1
298,6550,3203.5989366778,3
298,6600,3180.87837684321,2.9
298,6650,3158.15781700861,2.9
298,6700,3135.43725717402,2.8
298,6750,3114.98875332288,2.8
298,6800,3094.54024947175,2.7
298,6850,3074.09174562061,2.7
298,6900,3053.64324176948,2.7
298,6950,3035.4667939018,2.6
298,7000,3017.29034603413,2.6
300,5900,4344.17104037443,7.5
300,5950,4255.56085701952,6.9
300,6000,4173.76684161498,6.5
300,6050,4096.51693817736,6.1
300,6100,4028.35525867357,5.7
300,6150,3962.46563515325,5.4
300,6200,3901.12012359985,5.1
300,6250,3844.31872401336,4.9
300,6300,3789.78938041033,4.7
300,6350,3739.80414877423,4.5
300,6400,3692.09097312158,4.3
300,6450,3648.92190943585,4.1
300,6500,3605.75284575012,4
300,6550,3564.85583804785,3.9
300,6600,3526.23088632904,3.8
300,6650,3489.87799059369,3.6
300,6700,3455.7971508418,3.5
300,6750,3421.71631108991,3.4
300,6800,3389.90752732147,3.4
300,6850,3358.09874355304,3.3
300,6900,3328.56201576807,3.2
300,6950,3301.29734396656,3.1
300,7000,3274.03267216504,3.1
302,6200,4948.53793197464,9.9
302,6250,4805.3984050167,9
302,6300,4675.89121395951,8.2
302,6350,4557.74430281962,7.5
302,6400,4453.22972758049,7
302,6450,4357.80337627519,6.5
302,6500,4269.19319292027,6.1
302,6550,4187.39917751573,5.8
302,6600,4112.42133006157,5.5
302,6650,4041.98759457433,5.2
302,6700,3976.09797105401,5
302,6750,3914.7524595006,4.8
302,6800,3857.95105991412,4.6
302,6850,3805.69377229455,4.4
302,6900,3753.43648467498,4.3
302,6950,3705.72330902233,4.1
302,7000,3662.55424533661,4
304,6450,6202.71283484425,17
304,6500,5907.34555699452,14
304,6550,5634.69883897939,12
304,6600,5407.49324063345,11
304,6650,5214.3684820394,9.8
304,6700,5043.96428327994,8.9
304,6750,4894.00858837162,8.2
304,6800,4757.68522936405,7.6
304,6850,4637.2662622407,7.1
304,6900,4525.93551905119,6.6
304,6950,4425.96505577897,6.2
304,7000,4332.81076045714,5.9
306,6750,8361.16601913071,35
306,6800,7611.3875445891,25
306,6850,7020.65298888965,20
306,6900,6566.24179219776,16
306,6950,6202.71283484425,14
306,7000,5907.34555699452,12
